{
    "level_id": "debug_0000",
    "player_loc": [
        0.28493666648864746,
        -0.004246607422828674,
        2.735368490219116
    ],
    "norm": [
        0,
        -1,
        0
    ],
    "exit": [
        3.1233444213867188,
        2.9312384128570557,
        -2.8961286544799805
    ],
    "glowsticks": 4,
    "col": {},
    "deco": {
        "0": {
            "loc": [
                0.009844403713941574,
                0.04681890085339546,
                1.4363704919815063
            ],
            "tex": "grass"
        },
        "1": {
            "loc": [
                -1.1694303750991821,
                0.04681830480694771,
                -3.0066146850585938
            ],
            "tex": "grass"
        },
        "2": {
            "loc": [
                1.1342958211898804,
                0.04681830480694771,
                -3.0066146850585938
            ],
            "tex": "grass"
        }
    },
    "lights": {},
    "mesh": "meshes/pack_debugging/debug_0000_dec_0000.obj"
}
