{
    "level_id": "First_Level_0000",
    "player_loc": [
        -38.371768951416016,
        15.24304485321045,
        371.6275939941406
    ],
    "norm": [
        0,
        -10,
        0
    ],
    "exit": [
        748.2229614257812,
        26.48739242553711,
        287.28216552734375
    ],
    "glowsticks": 4,
    "col": {},
    "deco": {},
  "lights": {
    "0": {
      "color": [ 0, 0, 1 ],
      "loc": [ -38, 15, 371 ],
      "intensity": 1.5
    },
    "1": {
      "color": [ 1, 0, 0 ],
      "loc": [ -38, 15, 250 ],
      "intensity": 1
    },
    "2": {
      "color": [ 1, 1, 1 ],
      "loc": [ 375, 5, 371 ],
      "intensity": 1
    }
  },
    "mesh": "meshes/pack_debugging/First_Level_0000_col.obj",
    "deco_mesh": []
}
