{
    "variables": {
        "showGameUI" : ["data","visible"],
        "screenSize": ["data", "size"]
    },
    "contents": {
       "type" : "Node",
       "format": {
           "type": "Anchored"
       },
       "data": {
           "anchor": [0.5,0.5],
           "visible": true,
           "scale": 1
       },
       "layout":{
           "x_anchor": "fill",
           "y_anchor" : "fill"
       },
       "children":{
           "exitB" : {
               "type": "Widget",
               "data": {
                   "key": "exit",
                   "variables": {
                       "exitSize": [70,70],
                       "exitScale": 0.5,
                       "exitXPos": 0.015,
                       "exitYPos": -0.025
                   }
               }
           },
           "leftB": {
               "type": "Widget",
               "data":{
                   "key": "movement",
                   "variables":{
                       "buttonScale": 0.5,
                       "buttonSize": [200,200],
                       "buttonDirection": "left",
                       "buttonAnchor": [0,0],
                       "buttonHorizontal": "left",
                       "buttonXPos": 0.025,
                       "buttonYPos": 0.015
                   }
               }
           },
           "rightB": {
               "type": "Widget",
               "data":{
                   "key": "movement",
                   "variables":{
                       "buttonScale": 0.5,
                       "buttonSize": [200,200],
                       "buttonDirection": "right",
                       "buttonAnchor": [0,0],
                       "buttonHorizontal": "left",
                       "buttonXPos": 0.15,
                       "buttonYPos": 0.015
                   }
               }
           },
           "jumpB": {
               "type": "Widget",
               "data":{
                   "key": "movement",
                   "variables":{
                       "buttonScale": 0.5,
                       "buttonSize": [200,200],
                       "buttonDirection": "jump",
                       "buttonAnchor": [1,0],
                       "buttonHorizontal": "right",
                       "buttonXPos": -0.05,
                       "buttonYPos": 0.015
                   }
               }
           },
           "glowstickB": {
              "type": "Widget",
              "data":{
                  "key": "glowstick",
                  "variables": {
                      "glowstickSize": [150, 150],
                      "glowstickScale": 0.5,
                      "glowstickXPos": -0.2,
                      "glowstickYPos": 0.04
                  }
              }
           },
           "compassBar":{
               "type": "Widget",
               "data": {
                   "key": "compass",
                   "variables":{
                       "compassSize": [600,100],
                       "showCompass": true,
                       "compassScale": 0.5,
                       "compassYPos": -0.025
                   }
               }
           },
           "inventory": {
               "type": "Widget",
               "data":{
                   "key": "inventory",
                   "variables": {
                       "inventorySize": [300,150],
                       "inventoryScale": 0.5,
                       "showInventory":  true,
                       "iventoryXPos": 0.09,
                       "showEmptyOne": true,
                       "showEmptyTwo": true,
                       "showEmptyThree": true,
                       "showEmptyFour": true,
                       "showKeyOne": true,
                       "showKeyTwo": true,
                       "showKeyThree": true,
                       "showKeyFour": false
                   }
               }
           }
        }
    }
}
