{
    "variables": {
        "showQuitUI" : ["data", "visible"]
    },
    "contents": {
        "type": "Image",
        "format": {
            "type": "Anchored"
        },
        "data": {
            "visible": "true",
            "texture": "vignette",
            "scale": 1,
            "anchor": [0.5,0.5]
        },
        "layout": {
            "x_anchor": "center",
            "y_anchor": "fill"
        },
        "children": {
            "boardBase": {
                "type": "Node",
                "format": {
                    "type": "Anchored"
                },
                "data": {
                    "size": [900,600],
                    "scale": 0.75,
                    "anchor": [0.5,0.5]
                },
                "layout": {
                    "x_anchor": "center",
                    "y_anchor": "middle"
                },
                "children": {
                    "board": {
                        "type": "Widget",
                        "data": {
                            "key": "quitboard",
                            "variables": {
                                "showBoard": true
                            }
                        }
                    }
                }
            }
        }
    }
}
