{
    "variables": {
        "showButton": ["data", "visible"],
        "buttonScale": ["data", "scale"],
        "buttonXPos": ["layout", "x_offset"],
        "buttonAnchor": ["layout", "anchor"],
        "buttonXStart": ["layout", "x_anchor"],
        "buttonText": ["children", "label", "data", "text"],
        "buttonTextColor": ["children", "label", "data", "foreground"]
    },
    "contents": {
        "type": "Button",
        "format": {
            "type": "Anchored"
        },
        "data": {
            "upnode": "up",
            "size": [450, 200],
            "anchor": [0,0],
            "scale": 1,
            "visible": true
        },
        "layout": {
            "x_anchor": "left",
            "y_anchor": "bottom",
            "x_offset": 0
        },
        "children": {
            "up":{
                "type": "Image",
                "data": {
                    "texture": "quit"
                }
            },
            "label": {
                "type": "Label",
                "data": {
                    "font": "gyparody",
                    "text": "No",
                    "foreground": [255,255,255,255],
                    "background": [0,0,0,0],
                    "halign": "center",
                    "valign": "middle"
                },
                "layout":{
                    "x_anchor": "fill",
                    "y_anchor": "fill"
                }
            }
        }
    }
}

