{
    "variables": {
        "showBoard": ["data", "visible"],
        "boardScale": ["data", "scale"],
        "boardSize": ["data", "size"],
        "boardPrompt": ["children", "label", "data", "text"],
        "boardPromptOption1": ["children", "yes", "data", "variables", "buttonText"],
        "boardPromptOption2": ["children", "no", "data", "variables", "buttonText"]
    },
    "contents": {
        "type": "Image",
        "format": {
            "type": "Anchored"
        },
        "data": {
            "texture": "board",
            "size": [900,600],
            "visible": true,
            "scale": 1,
            "anchor": [0.5,0.5]
        },
        "layout": {
            "x_anchor": "center",
            "y_anchor": "middle"
        },
        "children": {
            "label": {
                "type": "Label",
                "data": {
                    "font": "gyparody",
                    "text": "Are you sure you want to quit?",
                    "foreground": [255,255,255,255],
                    "background": [0,0,0,0],
                    "halign": "center",
                    "valign": "middle"
                },
                "layout":{
                    "x_anchor": "fill",
                    "y_anchor": "fill"
                }
            },
            "yes": {
                "type": "Widget",
                "data": {
                    "key": "quitbuttons",
                    "variables": {
                        "showButton": true,
                        "buttonText": "Resume",
                        "buttonScale": 0.67
                    }
                }
            },
            "no": {
                "type": "Widget",
                "data": {
                    "key": "quitbuttons",
                    "variables": {
                        "showButton": true,
                        "buttonXPos": 0.335,
                        "buttonText": "Quit",
                        "buttonScale": 0.67
                    }
                }
            },
            "restart": {
                "type": "Widget",
                "data": {
                    "key": "quitbuttons",
                    "variables": {
                        "showButton": true,
                        "buttonXPos": 0.665,
                        "buttonText": "Restart",
                        "buttonScale": 0.67
                    }
                }
            }
        }
    }
}
