{
    "variables":{
        "showStartUI" : ["data","visible"]
    },
    "contents":{
        "type": "Image",
        "format": {
            "type": "Anchored"
        },
        "data": {
            "visible" : true,
            "texture": "background",
            "scale": 1,
            "anchor": [0.5,0.5]
        },
        "layout": {
            "x_anchor": "center",
            "y_anchor": "middle"
        },
        "children": {
            "logo": {
                "type": "Image",
                "data": {
                    "texture": "pivotlogo",
                    "size": [1000,462],
                    "scale": 1,
                    "anchor": [0.5,0.5],
                    "visible": false
                },
                "layout": {
                    "x_anchor": "center",
                    "y_anchor": "middle"
                }
            },
            "startB": {
                "type": "Widget",
                "data": {
                    "key": "startbuttons",
                    "variables": {
                        "buttonScale": 0.75,
                        "buttonYPos": 0.275
                    }
                }
            },
            "resumeB":{
                "type": "Widget",
                "data": {
                    "key": "startbuttons",
                    "variables": {
                        "showButton": true,
                        "buttonFunction": "resume",
                        "buttonYPos": 0.3,
                        "buttonText": "Resume",
                        "buttonScale": 0.75
                    }
                }
            }
        }
    }
}
